file,sent,insex,words,dependency,relation,morph,depPerWord,relPerWord,morphPerWord
Xen Cyrop. 1.3-4,266,1,28,84,89,92,3,3.178571429,3.285714286
Xen Cyrop. 1.3-4,267,2,24,78,64,38,3.25,2.666666667,1.583333333
Xen Cyrop. 1.3-4,268,3,19,43,66,44,2.263157895,3.473684211,2.315789474
Xen Cyrop. 1.3-4,269,4,8,23,32,18,2.875,4,2.25
Xen Cyrop. 1.3-4,270,5,24,59,93,40,2.458333333,3.875,1.666666667
Xen Cyrop. 1.3-4,271,6,7,13,25,17,1.857142857,3.571428571,2.428571429
Xen Cyrop. 1.3-4,272,7,26,101,71,125,3.884615385,2.730769231,4.807692308
Xen Cyrop. 1.3-4,273,8,10,20,43,21,2,4.3,2.1
Xen Cyrop. 1.3-4,274,9,8,14,29,20,1.75,3.625,2.5
Xen Cyrop. 1.3-4,275,10,10,19,42,32,1.9,4.2,3.2
Xen Cyrop. 1.3-4,276,11,2,8,8,4,4,4,2
Xen Cyrop. 1.3-4,277,12,8,44,38,26,5.5,4.75,3.25
Xen Cyrop. 1.3-4,278,13,7,18,19,21,2.571428571,2.714285714,3
Xen Cyrop. 1.3-4,279,14,11,33,39,72,3,3.545454545,6.545454545
Xen Cyrop. 1.3-4,280,15,9,32,37,34,3.555555556,4.111111111,3.777777778
Xen Cyrop. 1.3-4,281,16,5,13,26,12,2.6,5.2,2.4
Xen Cyrop. 1.3-4,282,17,5,9,15,12,1.8,3,2.4
Xen Cyrop. 1.3-4,283,18,9,26,31,26,2.888888889,3.444444444,2.888888889
Xen Cyrop. 1.3-4,284,19,13,56,54,23,4.307692308,4.153846154,1.769230769
Xen Cyrop. 1.3-4,285,20,11,26,48,21,2.363636364,4.363636364,1.909090909
Xen Cyrop. 1.3-4,286,21,5,10,17,12,2,3.4,2.4
Xen Cyrop. 1.3-4,287,22,9,36,28,13,4,3.111111111,1.444444444
Xen Cyrop. 1.3-4,288,23,15,43,66,25,2.866666667,4.4,1.666666667
Xen Cyrop. 1.3-4,289,24,12,34,60,27,2.833333333,5,2.25
Xen Cyrop. 1.3-4,290,25,7,11,65,20,1.571428571,9.285714286,2.857142857
Xen Cyrop. 1.3-4,291,26,4,6,13,4,1.5,3.25,1
Xen Cyrop. 1.3-4,292,27,7,29,26,23,4.142857143,3.714285714,3.285714286
Xen Cyrop. 1.3-4,293,28,2,12,11,12,6,5.5,6
Xen Cyrop. 1.3-4,294,29,3,7,8,4,2.333333333,2.666666667,1.333333333
Xen Cyrop. 1.3-4,295,30,22,78,82,43,3.545454545,3.727272727,1.954545455
Xen Cyrop. 1.3-4,296,31,27,75,100,49,2.777777778,3.703703704,1.814814815
Xen Cyrop. 1.5,1,32,15,31,52,20,2.066666667,3.466666667,1.333333333
Xen Cyrop. 1.5,2,33,14,34,38,27,2.428571429,2.714285714,1.928571429
Xen Cyrop. 1.5,3,34,45,250,132,86,5.555555556,2.933333333,1.911111111
Xen Cyrop. 1.5,4,35,30,90,79,51,3,2.633333333,1.7
Xen Cyrop. 1.5,5,36,28,90,59,48,3.214285714,2.107142857,1.714285714
Xen Cyrop. 1.5,6,37,39,100,121,135,2.564102564,3.102564103,3.461538462
Xen Cyrop. 1.5,7,38,8,16,27,19,2,3.375,2.375
Xen Cyrop. 1.5,8,39,74,302,188,221,4.081081081,2.540540541,2.986486486
Xen Cyrop. 1.5,9,40,18,64,81,37,3.555555556,4.5,2.055555556
Xen Cyrop. 1.5,10,41,6,14,19,23,2.333333333,3.166666667,3.833333333
Xen Cyrop. 1.5,11,42,43,110,125,102,2.558139535,2.906976744,2.372093023
Xen Cyrop. 1.5,12,43,19,64,58,57,3.368421053,3.052631579,3
Xen Cyrop. 1.5,13,44,17,43,46,31,2.529411765,2.705882353,1.823529412
Xen Cyrop. 1.5,14,45,15,31,47,37,2.066666667,3.133333333,2.466666667
Xen Cyrop. 1.5,15,46,21,55,74,46,2.619047619,3.523809524,2.19047619
Xen Cyrop. 1.5,16,47,5,8,24,13,1.6,4.8,2.6
Xen Cyrop. 1.5,17,48,22,37,45,39,1.681818182,2.045454545,1.772727273
Xen Cyrop. 1.5,18,49,12,18,29,20,1.5,2.416666667,1.666666667
Xen Cyrop. 1.5,19,50,6,17,18,13,2.833333333,3,2.166666667
Xen Cyrop. 1.5,20,51,7,11,20,30,1.571428571,2.857142857,4.285714286
Xen Cyrop. 1.5,21,52,9,15,31,29,1.666666667,3.444444444,3.222222222
Xen Cyrop. 1.5,22,53,6,12,17,10,2,2.833333333,1.666666667
Xen Cyrop. 1.5,23,54,18,44,69,31,2.444444444,3.833333333,1.722222222
Xen Cyrop. 1.5,24,55,31,95,102,86,3.064516129,3.290322581,2.774193548
Xen Cyrop. 1.5,25,56,18,87,78,37,4.833333333,4.333333333,2.055555556
Xen Cyrop. 1.5,26,57,11,22,49,21,2,4.454545455,1.909090909
Xen Cyrop. 1.5,27,58,9,61,54,56,6.777777778,6,6.222222222
Xen Cyrop. 1.5,28,59,18,78,69,75,4.333333333,3.833333333,4.166666667
Xen Cyrop. 1.5,29,60,44,332,124,104,7.545454545,2.818181818,2.363636364
Xen Cyrop. 1.5,30,61,26,84,112,77,3.230769231,4.307692308,2.961538462
Xen Cyrop. 1.5,31,62,35,130,151,92,3.714285714,4.314285714,2.628571429
Xen Cyrop. 1.5,32,63,47,189,205,163,4.021276596,4.361702128,3.468085106
Xen Cyrop. 1.5,33,64,21,57,82,51,2.714285714,3.904761905,2.428571429
Xen Cyrop. 1.5,34,65,37,146,181,72,3.945945946,4.891891892,1.945945946
Xen Cyrop. 1.5,35,66,29,88,105,50,3.034482759,3.620689655,1.724137931
Xen Cyrop. 1.5,36,67,15,124,56,72,8.266666667,3.733333333,4.8
Xen Cyrop. 1.5,37,68,26,219,98,58,8.423076923,3.769230769,2.230769231
Xen Cyrop. 1.5,38,69,40,170,139,191,4.25,3.475,4.775
Xen Cyrop. 1.5,39,70,8,49,38,22,6.125,4.75,2.75
Xen Cyrop. 1.5,40,71,15,43,56,28,2.866666667,3.733333333,1.866666667
Xen Cyrop. 1.5,41,72,11,20,36,40,1.818181818,3.272727273,3.636363636
Xen Cyrop. 1.5,42,73,13,45,50,55,3.461538462,3.846153846,4.230769231
Xen Cyrop. 1.5,43,74,23,57,58,37,2.47826087,2.52173913,1.608695652
Xen Cyrop. 1.5,44,75,14,31,45,31,2.214285714,3.214285714,2.214285714
Xen Cyrop. 1.5,45,76,14,38,56,27,2.714285714,4,1.928571429
Xen Cyrop. 1.5,46,77,13,42,43,27,3.230769231,3.307692308,2.076923077
Xen Cyrop. 1.5,47,78,16,93,88,48,5.8125,5.5,3
Xen Cyrop. 1.5,48,79,18,95,67,56,5.277777778,3.722222222,3.111111111
Xen Cyrop. 1.5,49,80,2,5,7,10,2.5,3.5,5
Xen Cyrop. 1.5,50,81,4,9,14,15,2.25,3.5,3.75
Xen Cyrop. 1.5,51,82,15,39,42,26,2.6,2.8,1.733333333
Xen Cyrop. 1.5,52,83,28,77,76,70,2.75,2.714285714,2.5
Xen Cyrop. 1.5,53,84,5,9,14,10,1.8,2.8,2
Xen Cyrop. 1.6,1,85,25,52,78,37,2.08,3.12,1.48
Xen Cyrop. 1.6,2,86,13,42,63,24,3.230769231,4.846153846,1.846153846
Xen Cyrop. 1.6,3,87,17,55,52,66,3.235294118,3.058823529,3.882352941
Xen Cyrop. 1.6,4,88,9,17,28,30,1.888888889,3.111111111,3.333333333
Xen Cyrop. 1.6,5,89,20,103,71,42,5.15,3.55,2.1
Xen Cyrop. 1.6,6,90,4,9,15,10,2.25,3.75,2.5
Xen Cyrop. 1.6,7,91,70,399,201,178,5.7,2.871428571,2.542857143
Xen Cyrop. 1.6,8,92,25,62,90,63,2.48,3.6,2.52
Xen Cyrop. 1.6,9,93,36,173,145,66,4.805555556,4.027777778,1.833333333
Xen Cyrop. 1.6,10,94,9,28,29,17,3.111111111,3.222222222,1.888888889
Xen Cyrop. 1.6,11,95,31,115,103,124,3.709677419,3.322580645,4
Xen Cyrop. 1.6,12,96,15,46,87,19,3.066666667,5.8,1.266666667
Xen Cyrop. 1.6,13,97,55,341,253,163,6.2,4.6,2.963636364
Xen Cyrop. 1.6,14,98,11,53,43,21,4.818181818,3.909090909,1.909090909
Xen Cyrop. 1.6,15,99,7,25,37,12,3.571428571,5.285714286,1.714285714
Xen Cyrop. 1.6,16,100,59,233,184,108,3.949152542,3.118644068,1.830508475
Xen Cyrop. 1.6,17,101,10,19,26,28,1.9,2.6,2.8
Xen Cyrop. 1.6,18,102,19,82,61,43,4.315789474,3.210526316,2.263157895
Xen Cyrop. 1.6,19,103,40,177,166,117,4.425,4.15,2.925
Xen Cyrop. 1.6,20,104,30,137,153,122,4.566666667,5.1,4.066666667
Xen Cyrop. 1.6,21,105,11,31,44,35,2.818181818,4,3.181818182
Xen Cyrop. 1.6,22,106,10,27,34,17,2.7,3.4,1.7
Xen Cyrop. 1.6,23,107,16,53,55,67,3.3125,3.4375,4.1875
Xen Cyrop. 1.6,24,108,32,105,124,87,3.28125,3.875,2.71875
Xen Cyrop. 1.6,25,109,36,135,164,91,3.75,4.555555556,2.527777778
Xen Cyrop. 1.6,26,110,18,81,53,33,4.5,2.944444444,1.833333333
Xen Cyrop. 1.6,27,111,22,87,96,70,3.954545455,4.363636364,3.181818182
Xen Cyrop. 1.6,28,112,15,27,46,49,1.8,3.066666667,3.266666667
Xen Cyrop. 1.6,29,113,16,34,69,31,2.125,4.3125,1.9375
Xen Cyrop. 1.6,30,114,12,27,37,24,2.25,3.083333333,2
Xen Cyrop. 1.6,31,115,4,23,17,10,5.75,4.25,2.5
Xen Cyrop. 1.6,32,116,7,15,24,21,2.142857143,3.428571429,3
Xen Cyrop. 1.6,33,117,9,26,31,15,2.888888889,3.444444444,1.666666667
Xen Cyrop. 1.6,34,118,6,11,17,16,1.833333333,2.833333333,2.666666667
Xen Cyrop. 1.6,35,119,16,99,68,57,6.1875,4.25,3.5625
Xen Cyrop. 1.6,36,120,4,7,14,11,1.75,3.5,2.75
Xen Cyrop. 1.6,37,121,17,37,60,40,2.176470588,3.529411765,2.352941176
Xen Cyrop. 1.6,38,122,4,27,19,13,6.75,4.75,3.25
Xen Cyrop. 1.6,39,123,20,65,79,43,3.25,3.95,2.15
Xen Cyrop. 1.6,40,124,10,17,37,18,1.7,3.7,1.8
Xen Cyrop. 1.6,41,125,13,51,48,30,3.923076923,3.692307692,2.307692308
Xen Cyrop. 1.6,42,126,26,95,103,63,3.653846154,3.961538462,2.423076923
Xen Cyrop. 1.6,43,127,18,75,67,35,4.166666667,3.722222222,1.944444444
Xen Cyrop. 1.6,44,128,21,146,108,49,6.952380952,5.142857143,2.333333333
Xen Cyrop. 1.6,45,129,18,119,49,55,6.611111111,2.722222222,3.055555556
Xen Cyrop. 1.6,46,130,9,14,32,18,1.555555556,3.555555556,2
Xen Cyrop. 1.6,47,131,20,37,81,79,1.85,4.05,3.95
Xen Cyrop. 1.6,48,132,50,195,201,227,3.9,4.02,4.54
Xen Cyrop. 1.6,49,133,27,97,211,69,3.592592593,7.814814815,2.555555556
Xen Cyrop. 1.6,50,134,8,18,34,25,2.25,4.25,3.125
Xen Cyrop. 1.6,51,135,20,92,80,59,4.6,4,2.95
Xen Cyrop. 1.6,52,136,47,326,170,143,6.936170213,3.617021277,3.042553191
Xen Cyrop. 1.6,53,137,22,77,71,62,3.5,3.227272727,2.818181818
Xen Cyrop. 1.6,54,138,17,53,69,44,3.117647059,4.058823529,2.588235294
Xen Cyrop. 1.6,55,139,27,85,85,57,3.148148148,3.148148148,2.111111111
Xen Cyrop. 1.6,56,140,19,51,56,126,2.684210526,2.947368421,6.631578947
Xen Cyrop. 1.6,57,141,13,41,42,35,3.153846154,3.230769231,2.692307692
Xen Cyrop. 1.6,58,142,35,96,110,144,2.742857143,3.142857143,4.114285714
Xen Cyrop. 1.6,59,143,21,42,105,81,2,5,3.857142857
Xen Cyrop. 1.6,60,144,30,121,164,115,4.033333333,5.466666667,3.833333333
Xen Cyrop. 1.6,61,145,23,53,66,38,2.304347826,2.869565217,1.652173913
Xen Cyrop. 1.6,62,146,19,61,59,43,3.210526316,3.105263158,2.263157895
Xen Cyrop. 1.6,63,147,8,23,30,20,2.875,3.75,2.5
Xen Cyrop. 1.6,64,148,35,242,113,89,6.914285714,3.228571429,2.542857143
Xen Cyrop. 1.6,65,149,37,114,120,101,3.081081081,3.243243243,2.72972973
Xen Cyrop. 1.6,66,150,13,22,42,27,1.692307692,3.230769231,2.076923077
Xen Cyrop. 1.6,67,151,62,210,215,133,3.387096774,3.467741935,2.14516129
Xen Cyrop. 1.6,68,152,6,7,19,10,1.166666667,3.166666667,1.666666667
Xen Cyrop. 1.6,69,153,24,72,69,60,3,2.875,2.5
Xen Cyrop. 1.6,70,154,9,27,22,20,3,2.444444444,2.222222222
Xen Cyrop. 1.6,71,155,11,67,44,35,6.090909091,4,3.181818182
Xen Cyrop. 1.6,72,156,13,27,42,39,2.076923077,3.230769231,3
Xen Cyrop. 1.6,73,157,16,39,49,39,2.4375,3.0625,2.4375
Xen Cyrop. 1.6,74,158,8,14,39,25,1.75,4.875,3.125
Xen Cyrop. 1.6,75,159,15,31,44,29,2.066666667,2.933333333,1.933333333
Xen Cyrop. 1.6,76,160,12,23,28,35,1.916666667,2.333333333,2.916666667
Xen Cyrop. 1.6,77,161,17,34,54,67,2,3.176470588,3.941176471
Xen Cyrop. 1.6,78,162,4,8,12,9,2,3,2.25
Xen Cyrop. 1.6,79,163,7,10,26,20,1.428571429,3.714285714,2.857142857
Xen Cyrop. 1.6,80,164,2,13,12,6,6.5,6,3
Xen Cyrop. 1.6,81,165,5,12,15,24,2.4,3,4.8
Xen Cyrop. 1.6,82,166,12,50,34,20,4.166666667,2.833333333,1.666666667
Xen Cyrop. 1.6,83,167,10,15,31,17,1.5,3.1,1.7
Xen Cyrop. 1.6,84,168,10,22,45,22,2.2,4.5,2.2
Xen Cyrop. 1.6,85,169,12,64,51,20,5.333333333,4.25,1.666666667
Xen Cyrop. 1.6,86,170,19,85,86,43,4.473684211,4.526315789,2.263157895
Xen Cyrop. 1.6,87,171,22,130,92,54,5.909090909,4.181818182,2.454545455
Xen Cyrop. 1.6,88,172,22,217,71,56,9.863636364,3.227272727,2.545454545
Xen Cyrop. 1.6,89,173,23,128,67,74,5.565217391,2.913043478,3.217391304
Xen Cyrop. 1.6,90,174,28,65,83,67,2.321428571,2.964285714,2.392857143
Xen Cyrop. 1.6,91,175,36,165,116,63,4.583333333,3.222222222,1.75
Xen Cyrop. 1.6,92,176,5,12,18,13,2.4,3.6,2.6
Xen Cyrop. 1.6,93,177,14,55,47,75,3.928571429,3.357142857,5.357142857
Xen Cyrop. 1.6,94,178,22,55,69,43,2.5,3.136363636,1.954545455
Xen Cyrop. 1.6,95,179,23,84,90,154,3.652173913,3.913043478,6.695652174
Xen Cyrop. 1.6,96,180,10,20,39,23,2,3.9,2.3
Xen Cyrop. 1.6,97,181,13,61,42,44,4.692307692,3.230769231,3.384615385
Xen Cyrop. 1.6,98,182,7,18,26,11,2.571428571,3.714285714,1.571428571
Xen Cyrop. 1.6,99,183,16,36,42,37,2.25,2.625,2.3125
Xen Cyrop. 1.6,100,184,20,126,79,98,6.3,3.95,4.9
Xen Cyrop. 1.6,101,185,14,34,50,29,2.428571429,3.571428571,2.071428571
Xen Cyrop. 1.6,102,186,18,62,79,36,3.444444444,4.388888889,2
Xen Cyrop. 1.6,103,187,15,42,69,57,2.8,4.6,3.8
Xen Cyrop. 1.6,104,188,12,28,30,27,2.333333333,2.5,2.25
Xen Cyrop. 1.6,105,189,11,24,30,26,2.181818182,2.727272727,2.363636364
Xen Cyrop. 1.6,106,190,13,31,39,28,2.384615385,3,2.153846154
Xen Cyrop. 1.6,107,191,16,30,61,32,1.875,3.8125,2
Xen Cyrop. 1.6,108,192,29,181,103,105,6.24137931,3.551724138,3.620689655
Xen Cyrop. 1.6,109,193,13,41,45,17,3.153846154,3.461538462,1.307692308
Xen Cyrop. 1.6,110,194,12,34,49,38,2.833333333,4.083333333,3.166666667
Xen Cyrop. 1.6,111,195,16,44,64,45,2.75,4,2.8125
Xen Cyrop. 1.6,112,196,26,80,88,111,3.076923077,3.384615385,4.269230769
Xen Cyrop. 1.6,113,197,11,43,39,19,3.909090909,3.545454545,1.727272727
Xen Cyrop. 1.6,114,198,16,70,58,32,4.375,3.625,2
Xen Cyrop. 1.6,115,199,18,70,44,20,3.888888889,2.444444444,1.111111111
Xen Cyrop. 1.6,116,200,11,45,33,21,4.090909091,3,1.909090909
Xen Cyrop. 1.6,117,201,17,56,59,45,3.294117647,3.470588235,2.647058824
Xen Cyrop. 1.6,118,202,4,9,14,11,2.25,3.5,2.75
Xen Cyrop. 1.6,119,203,14,24,47,24,1.714285714,3.357142857,1.714285714
Xen Cyrop. 1.6,120,204,21,99,86,56,4.714285714,4.095238095,2.666666667
Xen Cyrop. 1.6,121,205,10,19,34,33,1.9,3.4,3.3
Xen Cyrop. 1.6,122,206,28,107,95,71,3.821428571,3.392857143,2.535714286
Xen Cyrop. 1.6,123,207,35,117,107,132,3.342857143,3.057142857,3.771428571
Xen Cyrop. 1.6,124,208,12,35,37,27,2.916666667,3.083333333,2.25
Xen Cyrop. 1.6,125,209,16,63,89,47,3.9375,5.5625,2.9375
Xen Cyrop. 1.6,126,210,20,93,81,58,4.65,4.05,2.9
Xen Cyrop. 1.6,127,211,13,89,59,46,6.846153846,4.538461538,3.538461538
Xen Cyrop. 1.6,128,212,12,59,45,44,4.916666667,3.75,3.666666667
Xen Cyrop. 1.6,129,213,28,113,85,94,4.035714286,3.035714286,3.357142857
Xen Cyrop. 1.6,130,214,7,18,37,17,2.571428571,5.285714286,2.428571429
Xen Cyrop. 1.6,131,215,16,54,66,28,3.375,4.125,1.75
Xen Cyrop. 1.6,132,216,37,286,106,116,7.72972973,2.864864865,3.135135135
Xen Cyrop. 1.6,133,217,18,52,64,39,2.888888889,3.555555556,2.166666667
Xen Cyrop. 1.6,134,218,6,139,36,25,23.16666667,6,4.166666667
Xen Cyrop. 1.6,135,219,6,120,40,45,20,6.666666667,7.5
Xen Cyrop. 1.6,136,220,10,34,26,22,3.4,2.6,2.2
Xen Cyrop. 1.6,137,221,16,39,61,37,2.4375,3.8125,2.3125
Xen Cyrop. 1.6,138,222,4,8,13,7,2,3.25,1.75
Xen Cyrop. 1.6,139,223,5,8,21,17,1.6,4.2,3.4
Xen Cyrop. 1.6,140,224,38,125,135,67,3.289473684,3.552631579,1.763157895
Xen Cyrop. 1.6,141,225,53,155,172,96,2.924528302,3.245283019,1.811320755
Xen Cyrop. 1.6,142,226,9,36,31,26,4,3.444444444,2.888888889
Xen Cyrop. 1.6,143,227,37,141,153,96,3.810810811,4.135135135,2.594594595
Xen Cyrop. 1.6,144,228,11,34,36,25,3.090909091,3.272727273,2.272727273
Xen Cyrop. 1.6,145,229,13,66,38,35,5.076923077,2.923076923,2.692307692
Xen Cyrop. 1.6,146,230,28,57,69,41,2.035714286,2.464285714,1.464285714
Xen Cyrop. 1.6,147,231,5,8,17,10,1.6,3.4,2
Xen Cyrop. 1.6,148,232,11,24,33,21,2.181818182,3,1.909090909
Xen Cyrop. 1.6,149,233,12,31,36,17,2.583333333,3,1.416666667
Xen Cyrop. 1.6,150,234,12,30,40,29,2.5,3.333333333,2.416666667
Xen Cyrop. 1.6,151,235,12,28,44,27,2.333333333,3.666666667,2.25
Xen Cyrop. 1.6,152,236,14,31,51,17,2.214285714,3.642857143,1.214285714
Xen Cyrop. 1.6,153,237,6,19,29,10,3.166666667,4.833333333,1.666666667
Xen Cyrop. 1.6,154,238,6,10,22,12,1.666666667,3.666666667,2
Xen Cyrop. 1.6,155,239,4,27,18,12,6.75,4.5,3
Xen Cyrop. 1.6,156,240,10,34,30,114,3.4,3,11.4
Xen Cyrop. 1.6,157,241,6,40,31,25,6.666666667,5.166666667,4.166666667
Xen Cyrop. 1.6,158,242,22,66,62,33,3,2.818181818,1.5
Xen Cyrop. 1.6,159,243,15,35,73,29,2.333333333,4.866666667,1.933333333
Xen Cyrop. 1.6,160,244,6,21,29,10,3.5,4.833333333,1.666666667
Xen Cyrop. 1.6,161,245,12,27,59,19,2.25,4.916666667,1.583333333
Xen Cyrop. 1.6,162,246,32,127,113,42,3.96875,3.53125,1.3125
Xen Cyrop. 1.6,163,247,29,137,95,103,4.724137931,3.275862069,3.551724138
Xen Cyrop. 1.6,164,248,22,65,87,42,2.954545455,3.954545455,1.909090909
Xen Cyrop. 1.6,165,249,44,124,123,79,2.818181818,2.795454545,1.795454545
Xen Cyrop. 1.6,166,250,13,42,40,42,3.230769231,3.076923077,3.230769231
Xen Cyrop. 1.6,167,251,22,44,60,36,2,2.727272727,1.636363636
Xen Cyrop. 1.6,168,252,32,168,80,54,5.25,2.5,1.6875
Xen Cyrop. 1.6,169,253,36,158,103,66,4.388888889,2.861111111,1.833333333
Xen Cyrop. 1.6,170,254,28,96,88,67,3.428571429,3.142857143,2.392857143
Xen Cyrop. 1.6,171,255,14,52,42,31,3.714285714,3,2.214285714
Xen Cyrop. 1.6,172,256,20,42,72,34,2.1,3.6,1.7
Xen Cyrop. 1.6,173,257,16,36,44,26,2.25,2.75,1.625
Xen Cyrop. 1.6,174,258,25,70,74,45,2.8,2.96,1.8
Xen Cyrop. 1.6,175,259,3,6,13,9,2,4.333333333,3
Xen Cyrop. 1.6,176,260,21,96,69,81,4.571428571,3.285714286,3.857142857
Xen Cyrop. 1.6,177,261,39,279,140,133,7.153846154,3.58974359,3.41025641
Xen Cyrop. 1.6,178,262,14,51,44,25,3.642857143,3.142857143,1.785714286
Xen Cyrop. 1.6,179,263,15,73,77,28,4.866666667,5.133333333,1.866666667
Xen Cyrop. 1.6,180,264,28,147,88,60,5.25,3.142857143,2.142857143
Xen Cyrop. 1.6,181,265,17,66,64,40,3.882352941,3.764705882,2.352941176
Xen Cyrop. 1.6,182,266,13,54,41,25,4.153846154,3.153846154,1.923076923
Xen Cyrop. 1.6,183,267,15,54,64,47,3.6,4.266666667,3.133333333
Xen Cyrop. 1.6,184,268,7,24,29,12,3.428571429,4.142857143,1.714285714
Xen Cyrop. 1.6,185,269,15,29,48,33,1.933333333,3.2,2.2
Xen Cyrop. 1.6,186,270,24,66,68,39,2.75,2.833333333,1.625
Xen Cyrop. 1.6,187,271,42,120,127,104,2.857142857,3.023809524,2.476190476
Xen Cyrop. 1.6,188,272,23,50,66,41,2.173913043,2.869565217,1.782608696
Xen Cyrop. 1.6,189,273,8,16,32,14,2,4,1.75
Xen Cyrop. 1.6,190,274,35,141,95,52,4.028571429,2.714285714,1.485714286
Xen Cyrop. 1.6,191,275,30,90,73,63,3,2.433333333,2.1
Xen Cyrop. 1.6,192,276,15,31,44,35,2.066666667,2.933333333,2.333333333
Xen Cyrop. 1.6,193,277,12,26,45,19,2.166666667,3.75,1.583333333
Xen Cyrop. 1.6,194,278,8,20,42,26,2.5,5.25,3.25
Xen Cyrop. 1.6,195,279,21,41,78,42,1.952380952,3.714285714,2
Xen Cyrop. 1.6,196,280,15,33,45,24,2.2,3,1.6
Xen Cyrop. 1.6,197,281,31,93,112,96,3,3.612903226,3.096774194
Xen Cyrop. 1.6,198,282,14,113,59,65,8.071428571,4.214285714,4.642857143
Xen Cyrop. 1.6,199,283,24,194,99,84,8.083333333,4.125,3.5
Xen Cyrop. 1.6,200,284,20,54,71,34,2.7,3.55,1.7
Xen Cyrop. 1.6,201,285,32,95,125,56,2.96875,3.90625,1.75
Xen Cyrop. 1.6,202,286,26,71,69,37,2.730769231,2.653846154,1.423076923
Xen Cyrop. 1.6,203,287,20,45,90,40,2.25,4.5,2
Xen Cyrop. 1.6,204,288,26,95,90,94,3.653846154,3.461538462,3.615384615
Xen Cyrop. 1.6,205,289,125,609,518,318,4.872,4.144,2.544
Xen Cyrop. 1.6,206,290,20,93,65,64,4.65,3.25,3.2
Xen Cyrop. 1.6,207,291,14,43,65,58,3.071428571,4.642857143,4.142857143
Xen Cyrop. 1.6,208,292,10,20,32,19,2,3.2,1.9
Xen Cyrop. 1.6,209,293,29,72,115,63,2.482758621,3.965517241,2.172413793
Xen Cyrop. 1.6,210,294,7,14,22,17,2,3.142857143,2.428571429
Xen Cyrop. 1.6,211,295,61,312,202,151,5.114754098,3.31147541,2.475409836
Xen Cyrop. 1.6,212,296,21,95,69,44,4.523809524,3.285714286,2.095238095
Xen Cyrop. 1.6,213,297,9,22,27,18,2.444444444,3,2
Xen Cyrop. 1.6,214,298,19,51,51,42,2.684210526,2.684210526,2.210526316
Xen Cyrop. 1.6,215,299,38,191,219,126,5.026315789,5.763157895,3.315789474
Xen Cyrop. 1.6,216,300,8,36,34,22,4.5,4.25,2.75
Xen Cyrop. 1.6,217,301,10,24,30,21,2.4,3,2.1
Polybius 21.1-10,34,1,15,26,43,32,1.733333333,2.866666667,2.133333333
Polybius 21.1-10,35,2,18,26,47,40,1.444444444,2.611111111,2.222222222
Polybius 21.1-10,36,3,18,31,40,42,1.722222222,2.222222222,2.333333333
Polybius 21.1-10,37,4,30,59,59,41,1.966666667,1.966666667,1.366666667
Polybius 21.1-10,38,5,20,59,63,34,2.95,3.15,1.7
Polybius 21.1-10,39,6,57,156,146,115,2.736842105,2.561403509,2.01754386
Polybius 21.1-10,40,7,26,104,94,61,4,3.615384615,2.346153846
Polybius 21.1-10,41,8,19,42,43,32,2.210526316,2.263157895,1.684210526
Polybius 21.1-10,42,9,23,45,45,31,1.956521739,1.956521739,1.347826087
Polybius 21.1-10,43,10,15,48,47,40,3.2,3.133333333,2.666666667
Polybius 21.1-10,44,11,8,26,26,19,3.25,3.25,2.375
Polybius 21.1-10,45,12,3,6,11,9,2,3.666666667,3
Polybius 21.1-10,46,13,25,63,51,98,2.52,2.04,3.92
Polybius 21.1-10,47,14,35,84,85,60,2.4,2.428571429,1.714285714
Polybius 21.1-10,48,15,27,67,73,50,2.481481481,2.703703704,1.851851852
Polybius 21.1-10,49,16,18,55,51,28,3.055555556,2.833333333,1.555555556
Polybius 21.1-10,50,17,25,72,66,41,2.88,2.64,1.64
Polybius 21.1-10,51,18,49,137,126,135,2.795918367,2.571428571,2.755102041
Polybius 21.1-10,52,19,14,24,48,26,1.714285714,3.428571429,1.857142857
Polybius 21.1-10,53,20,36,154,90,97,4.277777778,2.5,2.694444444
Polybius 21.1-10,54,21,18,34,52,24,1.888888889,2.888888889,1.333333333
Polybius 21.1-10,55,22,13,29,58,25,2.230769231,4.461538462,1.923076923
Polybius 21.1-10,56,23,44,120,126,99,2.727272727,2.863636364,2.25
Polybius 21.1-10,57,24,33,88,73,61,2.666666667,2.212121212,1.848484848
Polybius 21.1-10,58,25,16,32,46,24,2,2.875,1.5
Polybius 21.1-10,59,26,20,40,47,32,2,2.35,1.6
Polybius 21.1-10,60,27,13,26,43,15,2,3.307692308,1.153846154
Polybius 21.1-10,61,28,15,35,51,26,2.333333333,3.4,1.733333333
Polybius 21.1-10,62,29,15,54,59,37,3.6,3.933333333,2.466666667
Polybius 21.1-10,63,30,9,32,36,15,3.555555556,4,1.666666667
Polybius 21.1-10,64,31,14,39,41,22,2.785714286,2.928571429,1.571428571
Polybius 21.1-10,65,32,38,131,112,63,3.447368421,2.947368421,1.657894737
Polybius 21.1-10,66,33,21,53,55,55,2.523809524,2.619047619,2.619047619
Polybius 21.1-10,67,34,27,154,87,74,5.703703704,3.222222222,2.740740741
Polybius 21.1-10,68,35,6,11,20,13,1.833333333,3.333333333,2.166666667
Polybius 21.1-10,69,36,22,41,64,32,1.863636364,2.909090909,1.454545455
Polybius 21.1-10,70,37,13,22,34,21,1.692307692,2.615384615,1.615384615
Polybius 21.1-10,71,38,35,162,78,92,4.628571429,2.228571429,2.628571429
Polybius 21.11-20,1,39,22,30,45,33,1.363636364,2.045454545,1.5
Polybius 21.11-20,2,40,17,26,45,31,1.529411765,2.647058824,1.823529412
Polybius 21.11-20,3,41,16,24,40,28,1.5,2.5,1.75
Polybius 21.11-20,4,42,40,131,106,78,3.275,2.65,1.95
Polybius 21.11-20,5,43,45,183,181,203,4.066666667,4.022222222,4.511111111
Polybius 21.11-20,6,44,22,61,49,51,2.772727273,2.227272727,2.318181818
Polybius 21.11-20,7,45,12,41,39,35,3.416666667,3.25,2.916666667
Polybius 21.11-20,8,46,47,214,133,107,4.553191489,2.829787234,2.276595745
Polybius 21.11-20,9,47,19,47,55,28,2.473684211,2.894736842,1.473684211
Polybius 21.11-20,10,48,19,36,50,31,1.894736842,2.631578947,1.631578947
Polybius 21.11-20,11,49,7,20,28,15,2.857142857,4,2.142857143
Polybius 21.11-20,12,50,8,14,24,15,1.75,3,1.875
Polybius 21.11-20,13,51,23,54,57,54,2.347826087,2.47826087,2.347826087
Polybius 21.11-20,14,52,46,241,132,98,5.239130435,2.869565217,2.130434783
Polybius 21.11-20,16,53,14,21,30,32,1.5,2.142857143,2.285714286
Polybius 21.11-20,17,54,44,102,95,50,2.318181818,2.159090909,1.136363636
Polybius 21.11-20,18,55,28,63,85,45,2.25,3.035714286,1.607142857
Polybius 21.11-20,19,56,23,97,85,95,4.217391304,3.695652174,4.130434783
Polybius 21.11-20,20,57,16,45,46,25,2.8125,2.875,1.5625
Polybius 21.11-20,21,58,28,94,67,47,3.357142857,2.392857143,1.678571429
Polybius 21.11-20,22,59,68,238,180,110,3.5,2.647058824,1.617647059
Polybius 21.11-20,23,60,26,57,70,93,2.192307692,2.692307692,3.576923077
Polybius 21.11-20,24,61,27,61,80,62,2.259259259,2.962962963,2.296296296
Polybius 21.11-20,25,62,17,73,52,43,4.294117647,3.058823529,2.529411765
Polybius 21.11-20,26,63,6,13,26,15,2.166666667,4.333333333,2.5
Polybius 21.11-20,27,64,16,25,46,21,1.5625,2.875,1.3125
Polybius 21.11-20,28,65,32,74,72,57,2.3125,2.25,1.78125
Polybius 21.11-20,29,66,52,174,150,102,3.346153846,2.884615385,1.961538462
Polybius 21.11-20,30,67,14,39,49,23,2.785714286,3.5,1.642857143
Polybius 21.11-20,31,68,37,120,118,67,3.243243243,3.189189189,1.810810811
Polybius 21.11-20,32,69,14,66,59,59,4.714285714,4.214285714,4.214285714
Polybius 21.11-20,33,70,11,38,37,37,3.454545455,3.363636364,3.363636364
Polybius 21.11-20,34,71,8,27,40,17,3.375,5,2.125
Polybius 21.11-20,35,72,22,54,111,37,2.454545455,5.045454545,1.681818182
Polybius 21.11-20,36,73,12,32,43,13,2.666666667,3.583333333,1.083333333
Polybius 21.11-20,37,74,22,61,56,36,2.772727273,2.545454545,1.636363636
Polybius 21.11-20,38,75,30,77,73,62,2.566666667,2.433333333,2.066666667
Polybius 21.11-20,39,76,10,19,27,16,1.9,2.7,1.6
Polybius 21.11-20,40,77,14,48,45,27,3.428571429,3.214285714,1.928571429
Polybius 21.11-20,41,78,16,29,32,43,1.8125,2,2.6875
Polybius 21.11-20,42,79,35,100,134,49,2.857142857,3.828571429,1.4
Polybius 21.11-20,43,80,21,39,52,25,1.857142857,2.476190476,1.19047619
Polybius 21.11-20,44,81,27,53,64,47,1.962962963,2.37037037,1.740740741
Polybius 21.11-20,45,82,19,47,80,41,2.473684211,4.210526316,2.157894737
Polybius 21.11-20,46,83,32,84,110,69,2.625,3.4375,2.15625
Polybius 21.11-20,47,84,31,78,95,41,2.516129032,3.064516129,1.322580645
Polybius 21.11-20,48,85,13,19,38,23,1.461538462,2.923076923,1.769230769
Polybius 21.11-20,49,86,15,26,32,26,1.733333333,2.133333333,1.733333333
Polybius 21.11-20,50,87,12,20,35,15,1.666666667,2.916666667,1.25
Polybius 21.11-20,51,88,15,33,49,26,2.2,3.266666667,1.733333333
Polybius 21.11-20,52,89,30,76,94,57,2.533333333,3.133333333,1.9
Polybius 21.11-20,53,90,23,93,75,39,4.043478261,3.260869565,1.695652174
Polybius 21.11-20,54,91,19,33,54,39,1.736842105,2.842105263,2.052631579
Polybius 21.11-20,55,92,6,24,26,12,4,4.333333333,2
Polybius 21.11-20,56,93,25,90,76,82,3.6,3.04,3.28
Polybius 21.11-20,57,94,21,42,67,30,2,3.19047619,1.428571429
Polybius 21.11-20,58,95,15,26,49,20,1.733333333,3.266666667,1.333333333
Polybius 21.11-20,59,96,37,105,120,94,2.837837838,3.243243243,2.540540541
Polybius 21.11-20,60,97,16,44,41,40,2.75,2.5625,2.5
Polybius 21.11-20,61,98,19,35,52,39,1.842105263,2.736842105,2.052631579
Polybius 21.11-20,62,99,34,102,105,37,3,3.088235294,1.088235294
Polybius 21.11-20,63,100,17,43,42,30,2.529411765,2.470588235,1.764705882
Polybius 21.11-20,64,101,16,32,54,53,2,3.375,3.3125
Polybius 21.11-20,65,102,29,110,74,71,3.793103448,2.551724138,2.448275862
Polybius 21.11-20,66,103,18,37,52,33,2.055555556,2.888888889,1.833333333
Polybius 21.11-20,67,104,20,46,54,39,2.3,2.7,1.95
Polybius 21.11-20,68,105,11,27,35,16,2.454545455,3.181818182,1.454545455
Polybius 21.11-20,69,106,10,15,29,54,1.5,2.9,5.4
Polybius 21.11-20,70,107,25,40,61,37,1.6,2.44,1.48
Polybius 21.11-20,71,108,66,368,179,129,5.575757576,2.712121212,1.954545455
Polybius 21.11-20,72,109,34,150,77,85,4.411764706,2.264705882,2.5
Polybius 21.11-20,73,110,33,95,82,62,2.878787879,2.484848485,1.878787879
Polybius 21.11-20,74,111,28,93,82,44,3.321428571,2.928571429,1.571428571
Polybius 21.11-20,75,112,22,48,71,37,2.181818182,3.227272727,1.681818182
Polybius 21.11-20,76,113,32,187,134,93,5.84375,4.1875,2.90625
Polybius 21.11-20,77,114,21,46,66,36,2.19047619,3.142857143,1.714285714
Polybius 21.11-20,78,115,27,86,75,79,3.185185185,2.777777778,2.925925926
Polybius 21.11-20,79,116,14,21,43,20,1.5,3.071428571,1.428571429
Polybius 21.11-20,80,117,11,45,44,25,4.090909091,4,2.272727273
Polybius 21.11-20,81,118,14,41,52,32,2.928571429,3.714285714,2.285714286
Polybius 21.11-20,82,119,16,34,42,40,2.125,2.625,2.5
Polybius 21.11-20,83,120,18,38,56,27,2.111111111,3.111111111,1.5
Polybius 21.11-20,84,121,8,38,22,43,4.75,2.75,5.375
Polybius 21.11-20,85,122,10,16,32,18,1.6,3.2,1.8
Polybius 21.11-20,86,123,22,88,51,40,4,2.318181818,1.818181818
Polybius 21.11-20,87,124,14,26,35,21,1.857142857,2.5,1.5
Polybius 21.11-20,88,125,5,13,14,23,2.6,2.8,4.6
Polybius 21.11-20,89,126,33,82,95,85,2.484848485,2.878787879,2.575757576
Polybius 21.11-20,90,127,16,91,63,34,5.6875,3.9375,2.125
Polybius 21.11-20,91,128,11,30,27,32,2.727272727,2.454545455,2.909090909
Polybius 21.11-20,92,129,11,65,34,25,5.909090909,3.090909091,2.272727273
Polybius 21.11-20,93,130,20,45,51,61,2.25,2.55,3.05
Polybius 21.11-20,94,131,37,159,118,61,4.297297297,3.189189189,1.648648649
Polybius 21.11-20,95,132,6,11,16,11,1.833333333,2.666666667,1.833333333
Polybius 21.11-20,96,133,23,44,66,42,1.913043478,2.869565217,1.826086957
Polybius 21.11-20,97,134,39,125,113,161,3.205128205,2.897435897,4.128205128
Polybius 21.11-20,98,135,33,93,84,110,2.818181818,2.545454545,3.333333333
Polybius 21.11-20,99,136,15,30,40,25,2,2.666666667,1.666666667
Polybius 21.11-20,100,137,37,116,102,55,3.135135135,2.756756757,1.486486486
Polybius 21.11-20,101,138,31,82,61,44,2.64516129,1.967741935,1.419354839
Polybius 21.11-20,102,139,22,47,51,29,2.136363636,2.318181818,1.318181818
Polybius 21.11-20,103,140,25,52,71,39,2.08,2.84,1.56
Polybius 21.11-20,104,141,12,49,46,42,4.083333333,3.833333333,3.5
Polybius 21.11-20,105,142,79,283,196,197,3.582278481,2.481012658,2.493670886
Polybius 21.11-20,106,143,26,40,61,31,1.538461538,2.346153846,1.192307692
Polybius 21.21-30,1,144,16,56,76,48,3.5,4.75,3
Polybius 21.21-30,2,145,77,254,229,144,3.298701299,2.974025974,1.87012987
Polybius 21.21-30,3,146,13,27,51,49,2.076923077,3.923076923,3.769230769
Polybius 21.21-30,4,147,12,29,30,25,2.416666667,2.5,2.083333333
Polybius 21.21-30,5,148,28,66,89,90,2.357142857,3.178571429,3.214285714
Polybius 21.21-30,6,149,13,34,35,18,2.615384615,2.692307692,1.384615385
Polybius 21.21-30,7,150,25,88,112,74,3.52,4.48,2.96
Polybius 21.21-30,8,151,8,22,30,20,2.75,3.75,2.5
Polybius 21.21-30,9,152,7,28,32,17,4,4.571428571,2.428571429
Polybius 21.21-30,10,153,20,70,53,61,3.5,2.65,3.05
Polybius 21.21-30,11,154,27,60,53,51,2.222222222,1.962962963,1.888888889
Polybius 21.21-30,12,155,7,9,21,13,1.285714286,3,1.857142857
Polybius 21.21-30,13,156,8,11,25,21,1.375,3.125,2.625
Polybius 21.21-30,14,157,19,37,56,43,1.947368421,2.947368421,2.263157895
Polybius 21.21-30,15,158,25,50,79,48,2,3.16,1.92
Polybius 21.21-30,16,159,25,52,69,47,2.08,2.76,1.88
Polybius 21.21-30,17,160,28,111,93,63,3.964285714,3.321428571,2.25
Polybius 21.21-30,18,161,36,118,122,70,3.277777778,3.388888889,1.944444444
Polybius 21.21-30,19,162,22,114,78,37,5.181818182,3.545454545,1.681818182
Polybius 21.21-30,20,163,29,75,89,99,2.586206897,3.068965517,3.413793103
Polybius 21.21-30,21,164,24,59,76,45,2.458333333,3.166666667,1.875
Polybius 21.21-30,22,165,22,82,52,42,3.727272727,2.363636364,1.909090909
Polybius 21.21-30,23,166,13,25,44,23,1.923076923,3.384615385,1.769230769
Polybius 21.21-30,24,167,14,38,55,61,2.714285714,3.928571429,4.357142857
Polybius 21.21-30,25,168,38,251,167,69,6.605263158,4.394736842,1.815789474
Polybius 21.21-30,26,169,15,41,56,66,2.733333333,3.733333333,4.4
Polybius 21.21-30,27,170,18,29,61,35,1.611111111,3.388888889,1.944444444
Polybius 21.21-30,28,171,14,34,47,34,2.428571429,3.357142857,2.428571429
Polybius 21.21-30,29,172,17,39,46,38,2.294117647,2.705882353,2.235294118
Polybius 21.21-30,30,173,19,55,58,33,2.894736842,3.052631579,1.736842105
Polybius 21.21-30,31,174,14,51,42,42,3.642857143,3,3
Polybius 21.21-30,32,175,17,97,81,43,5.705882353,4.764705882,2.529411765
Polybius 21.21-30,33,176,6,9,20,14,1.5,3.333333333,2.333333333
Polybius 21.21-30,34,177,11,15,45,21,1.363636364,4.090909091,1.909090909
Polybius 21.21-30,35,178,16,38,61,54,2.375,3.8125,3.375
Polybius 21.21-30,36,179,10,33,29,32,3.3,2.9,3.2
Polybius 21.21-30,37,180,3,11,17,2,3.666666667,5.666666667,0.666666667
Polybius 21.21-30,38,181,27,183,75,64,6.777777778,2.777777778,2.37037037
Polybius 21.21-30,39,182,9,26,22,18,2.888888889,2.444444444,2
Polybius 21.21-30,40,183,11,22,48,44,2,4.363636364,4
Polybius 21.21-30,41,184,8,13,32,21,1.625,4,2.625
Polybius 21.21-30,42,185,54,178,158,99,3.296296296,2.925925926,1.833333333
Polybius 21.21-30,43,186,15,18,57,33,1.2,3.8,2.2
Polybius 21.21-30,44,187,11,19,32,29,1.727272727,2.909090909,2.636363636
Polybius 21.21-30,45,188,36,100,78,73,2.777777778,2.166666667,2.027777778
Polybius 21.21-30,46,189,13,36,45,25,2.769230769,3.461538462,1.923076923
Polybius 21.21-30,47,190,11,20,32,21,1.818181818,2.909090909,1.909090909
Polybius 21.21-30,48,191,15,46,46,33,3.066666667,3.066666667,2.2
Polybius 21.21-30,49,192,77,372,253,190,4.831168831,3.285714286,2.467532468
Polybius 21.21-30,50,193,19,33,47,29,1.736842105,2.473684211,1.526315789
Polybius 21.21-30,51,194,16,24,46,49,1.5,2.875,3.0625
Polybius 21.21-30,52,195,11,20,34,16,1.818181818,3.090909091,1.454545455
Polybius 21.21-30,53,196,8,40,32,13,5,4,1.625
Polybius 21.21-30,54,197,9,20,30,15,2.222222222,3.333333333,1.666666667
Polybius 21.21-30,55,198,15,34,35,32,2.266666667,2.333333333,2.133333333
Polybius 21.21-30,56,199,21,46,61,33,2.19047619,2.904761905,1.571428571
Polybius 21.21-30,57,200,20,32,49,38,1.6,2.45,1.9
Polybius 21.21-30,58,201,32,67,84,65,2.09375,2.625,2.03125
Polybius 21.21-30,59,202,20,40,50,42,2,2.5,2.1
Polybius 21.21-30,60,203,29,79,72,41,2.724137931,2.482758621,1.413793103
Polybius 21.21-30,61,204,11,18,33,20,1.636363636,3,1.818181818
Polybius 21.21-30,62,205,59,167,127,92,2.830508475,2.152542373,1.559322034
Polybius 21.21-30,63,206,21,41,56,57,1.952380952,2.666666667,2.714285714
Polybius 21.21-30,64,207,11,17,29,22,1.545454545,2.636363636,2
Polybius 21.21-30,65,208,10,17,33,18,1.7,3.3,1.8
Polybius 21.21-30,66,209,9,13,27,16,1.444444444,3,1.777777778
Polybius 21.21-30,67,210,14,30,40,22,2.142857143,2.857142857,1.571428571
Polybius 21.21-30,68,211,19,32,45,29,1.684210526,2.368421053,1.526315789
Polybius 21.21-30,69,212,33,104,83,77,3.151515152,2.515151515,2.333333333
Polybius 21.21-30,70,213,30,75,159,52,2.5,5.3,1.733333333
Polybius 21.21-30,71,214,39,144,137,50,3.692307692,3.512820513,1.282051282
Polybius 21.21-30,72,215,33,103,77,75,3.121212121,2.333333333,2.272727273
Polybius 21.21-30,73,216,28,63,108,96,2.25,3.857142857,3.428571429
Polybius 21.21-30,74,217,18,32,37,29,1.777777778,2.055555556,1.611111111
Polybius 21.21-30,75,218,51,187,194,82,3.666666667,3.803921569,1.607843137
Polybius 21.21-30,77,219,18,33,38,24,1.833333333,2.111111111,1.333333333
Polybius 21.21-30,78,220,18,37,58,29,2.055555556,3.222222222,1.611111111
Polybius 21.21-30,79,221,22,32,52,58,1.454545455,2.363636364,2.636363636
Polybius 21.21-30,80,222,15,25,55,42,1.666666667,3.666666667,2.8
Polybius 21.21-30,81,223,15,28,44,31,1.866666667,2.933333333,2.066666667
Polybius 21.21-30,82,224,24,70,56,40,2.916666667,2.333333333,1.666666667
Polybius 21.21-30,83,225,9,15,23,17,1.666666667,2.555555556,1.888888889
Polybius 21.21-30,84,226,17,46,51,26,2.705882353,3,1.529411765
Polybius 21.21-30,85,227,25,55,74,61,2.2,2.96,2.44
Polybius 21.21-30,86,228,32,100,87,51,3.125,2.71875,1.59375
Polybius 21.21-30,87,229,18,27,49,52,1.5,2.722222222,2.888888889
Polybius 21.21-30,88,230,5,10,21,8,2,4.2,1.6
Polybius 21.21-30,89,231,16,49,52,38,3.0625,3.25,2.375
Polybius 21.21-30,90,232,15,36,47,26,2.4,3.133333333,1.733333333
Polybius 21.21-30,91,233,10,26,33,30,2.6,3.3,3
Polybius 21.21-30,92,234,22,51,101,45,2.318181818,4.590909091,2.045454545
Polybius 21.21-30,93,235,17,24,43,21,1.411764706,2.529411765,1.235294118
Polybius 21.21-30,94,236,14,27,36,37,1.928571429,2.571428571,2.642857143
Polybius 21.21-30,95,237,26,45,51,37,1.730769231,1.961538462,1.423076923
Polybius 21.21-30,96,238,17,37,39,33,2.176470588,2.294117647,1.941176471
Polybius 21.21-30,97,239,39,187,128,110,4.794871795,3.282051282,2.820512821
Polybius 21.21-30,98,240,19,47,53,30,2.473684211,2.789473684,1.578947368
Polybius 21.21-30,99,241,35,155,107,60,4.428571429,3.057142857,1.714285714
Polybius 21.21-30,100,242,23,87,82,49,3.782608696,3.565217391,2.130434783
Polybius 21.21-30,101,243,28,61,105,49,2.178571429,3.75,1.75
Polybius 21.21-30,102,244,39,189,117,61,4.846153846,3,1.564102564
Polybius 21.21-30,103,245,31,99,88,54,3.193548387,2.838709677,1.741935484
Polybius 21.21-30,104,246,12,18,82,18,1.5,6.833333333,1.5
Polybius 21.21-30,105,247,29,117,87,59,4.034482759,3,2.034482759
Polybius 21.21-30,106,248,12,21,44,20,1.75,3.666666667,1.666666667
Polybius 21.21-30,107,249,25,57,54,63,2.28,2.16,2.52
Polybius 21.21-30,108,250,15,24,40,36,1.6,2.666666667,2.4
Polybius 21.21-30,109,251,15,23,42,26,1.533333333,2.8,1.733333333
Polybius 21.21-30,110,252,33,60,91,56,1.818181818,2.757575758,1.696969697
Polybius 21.21-30,111,253,35,77,80,78,2.2,2.285714286,2.228571429
Polybius 21.21-30,112,254,33,135,75,72,4.090909091,2.272727273,2.181818182
Polybius 21.21-30,113,255,31,71,88,54,2.290322581,2.838709677,1.741935484
Polybius 21.21-30,114,256,9,14,26,16,1.555555556,2.888888889,1.777777778
Polybius 21.21-30,115,257,56,204,139,177,3.642857143,2.482142857,3.160714286
Polybius 21.21-30,116,258,20,46,57,75,2.3,2.85,3.75
Polybius 21.21-30,117,259,30,74,65,142,2.466666667,2.166666667,4.733333333
Polybius 21.21-30,118,260,40,109,107,133,2.725,2.675,3.325
Polybius 21.21-30,119,261,30,99,84,59,3.3,2.8,1.966666667
Polybius 21.21-30,120,262,19,72,75,28,3.789473684,3.947368421,1.473684211
Polybius 21.21-30,121,263,17,32,38,27,1.882352941,2.235294118,1.588235294
Polybius 21.21-30,122,264,22,39,51,45,1.772727273,2.318181818,2.045454545
Polybius 21.21-30,123,265,25,44,51,48,1.76,2.04,1.92
Polybius 21.21-30,124,266,19,47,45,33,2.473684211,2.368421053,1.736842105
Polybius 21.21-30,125,267,14,41,42,26,2.928571429,3,1.857142857
Polybius 21.21-30,126,268,15,20,45,40,1.333333333,3,2.666666667
Polybius 21.21-30,127,269,10,18,34,22,1.8,3.4,2.2
Polybius 21.21-30,128,270,26,78,85,73,3,3.269230769,2.807692308
Polybius 21.21-30,129,271,19,32,56,32,1.684210526,2.947368421,1.684210526
Polybius 21.21-30,130,272,42,89,107,56,2.119047619,2.547619048,1.333333333
Polybius 21.21-30,131,273,15,28,42,19,1.866666667,2.8,1.266666667
Polybius 21.21-30,132,274,21,57,61,32,2.714285714,2.904761905,1.523809524
Polybius 21.21-30,133,275,11,23,35,22,2.090909091,3.181818182,2
Polybius 21.21-30,134,276,33,60,90,69,1.818181818,2.727272727,2.090909091
Polybius 21.21-30,135,277,10,14,25,12,1.4,2.5,1.2
Polybius 21.21-30,136,278,26,73,65,39,2.807692308,2.5,1.5
Polybius 21.21-30,137,279,10,16,27,20,1.6,2.7,2
Polybius 21.21-30,138,280,27,104,71,58,3.851851852,2.62962963,2.148148148
Polybius 21.21-30,139,281,19,41,45,29,2.157894737,2.368421053,1.526315789
Polybius 21.21-30,140,282,26,98,64,34,3.769230769,2.461538462,1.307692308
Polybius 21.21-30,141,283,8,29,21,25,3.625,2.625,3.125
Polybius 21.21-30,142,284,9,13,24,14,1.444444444,2.666666667,1.555555556
Polybius 21.21-30,143,285,16,38,48,30,2.375,3,1.875
Polybius 21.21-30,144,286,13,22,35,31,1.692307692,2.692307692,2.384615385
Polybius 21.21-30,145,287,12,19,37,16,1.583333333,3.083333333,1.333333333
Polybius 21.21-30,146,288,5,8,14,9,1.6,2.8,1.8
Polybius 21.21-30,147,289,8,23,25,16,2.875,3.125,2
Polybius 21.21-30,148,290,15,26,38,28,1.733333333,2.533333333,1.866666667
Polybius 21.21-30,149,291,34,76,104,93,2.235294118,3.058823529,2.735294118
Polybius 21.21-30,150,292,10,14,38,14,1.4,3.8,1.4
Polybius 21.21-30,151,293,20,65,43,54,3.25,2.15,2.7
Polybius 21.21-30,152,294,15,31,45,37,2.066666667,3,2.466666667
Polybius 21.21-30,153,295,31,71,89,47,2.290322581,2.870967742,1.516129032
Polybius 21.21-30,154,296,29,66,63,49,2.275862069,2.172413793,1.689655172
Polybius 21.21-30,155,297,16,27,47,35,1.6875,2.9375,2.1875
